{
  "RF-100": {
    "overall_r2": 0.6068077800606101,
    "per_label": {
      "label_0": 0.802662169901513,
      "label_1": 0.6746624000071277,
      "label_2": 0.6725234282042193,
      "label_3": 0.2773831221295797
    }
  },
  "RF-300": {
    "overall_r2": 0.6084721021759378,
    "per_label": {
      "label_0": 0.7987586290152348,
      "label_1": 0.6714333629363656,
      "label_2": 0.6786166876621803,
      "label_3": 0.2850797290899707
    }
  },
  "RF-500-tuned": {
    "overall_r2": 0.6067022999568112,
    "per_label": {
      "label_0": 0.7965494111959995,
      "label_1": 0.6718663183352368,
      "label_2": 0.6784993728430333,
      "label_3": 0.2798940974529748
    }
  },
  "ExtraTrees-300": {
    "overall_r2": 0.6601964303981475,
    "per_label": {
      "label_0": 0.7822241814385725,
      "label_1": 0.7828987195322864,
      "label_2": 0.6859822333118613,
      "label_3": 0.38968058730987065
    }
  },
  "GBR-300": {
    "overall_r2": 0.5420772617111785,
    "per_label": {
      "label_0": 0.7464678419804707,
      "label_1": 0.627182385080663,
      "label_2": 0.5809047815900639,
      "label_3": 0.21375403819351735
    }
  },
  "RF-300+deltas": {
    "overall_r2": 0.5937495758083433,
    "per_label": {
      "label_0": 0.7754347171514647,
      "label_1": 0.6693928725570869,
      "label_2": 0.6686758260976936,
      "label_3": 0.2614948874271268
    }
  }
}